"","treatment","exo","response","SE","df","asymp.LCL","asymp.UCL",".group"
"2","control","Native",3.53556732490283,0.619882681712506,Inf,2.5073788155229,4.98538004370659," 1"
"1","bag","Native",3.70244375593456,0.64590928919414,Inf,2.63022092131099,5.21176364114171," 1"
"4","control","Non-native",3.66446895431812,0.776354461135172,Inf,2.41922059944609,5.55068550599972," 1"
"3","bag","Non-native",5.02921126257287,1.05656328365293,Inf,3.33176959255346,7.59145109557392," 1"
