"","treatment","exo","response","SE","df","asymp.LCL","asymp.UCL",".group"
"2","control","Native",3.53557566744117,0.619878021826866,Inf,2.50739324220597,4.98537488647153," 1"
"1","bag","Native",3.70244997375975,0.645899951796768,Inf,2.63023984986558,5.21174363961299," 1"
"4","control","Non-native",3.66446387372818,0.776349802833786,Inf,2.4192218801127,5.55066717618865," 1"
"3","bag","Non-native",5.02922292643504,1.05655891401733,Inf,3.33178617512251,7.59144852470907," 1"
