"","treatment","exo","response","SE","df","asymp.LCL","asymp.UCL",".group"
"4","control","Non-native",0.410706775249451,0.0599090861251029,Inf,0.308580566583311,0.54663213922858," 1  "
"2","control","Native",0.496168527079865,0.0569823826798501,Inf,0.396162285917634,0.621420099831982," 12 "
"3","bag","Non-native",0.673008312884323,0.0820183293703863,Inf,0.53001237067009,0.854584183834719,"  23"
"1","bag","Native",0.913364318619895,0.0842955690574732,Inf,0.762229152662874,1.0944666385608,"   3"
