"","treatment","exo","response","SE","df","asymp.LCL","asymp.UCL",".group"
"2","control","Native",0.496170322576015,0.0569824545317639,Inf,0.396163929768318,0.62142201878187," 1 "
"1","bag","Native",0.913366607593762,0.0842956715511177,Inf,0.762231240769173,1.09446912596432,"  2"
"4","control","Non-native",0.410705852339549,0.0599089759989442,Inf,0.308579837089433,0.546630974780989," 1 "
"3","bag","Non-native",0.673009291386394,0.0820184847461089,Inf,0.530013085503554,0.854585516246427,"  2"
