"","exo","response","se","df","lower.cl","upper.cl","biomass_mean","sem"
"1","Native",0.069,0.004,222.4,0.062,0.076,0.115507004830918,0.00685648594414113
"2","Non-native",0.061,0.004,223.172,0.054,0.069,0.105363763066202,0.00834438405129379
