"","exo","response","se","df","lower.cl","upper.cl","biomass_mean","sem"
"1","Autumn Olive",0.075,0.013,107,0.053,0.105,0.0956611111111111,0.0140349487706071
"2","Barberry",0.073,0.013,107,0.052,0.102,0.0990859154929577,0.0171308270846073
"3","Burning Bush",0.074,0.013,107,0.052,0.104,0.0919763888888889,0.015826491540448
"4","Honeysuckle",0.129,0.022,107,0.091,0.181,0.134644444444444,0.0192032765169453
"5","Native",0.103,0.007,107,0.089,0.119,0.115507004830918,0.00685648594414113
