"","treatment","exo","response","SE","df","asymp.LCL","asymp.UCL",".group"
"2","control","Native",0.303876952368611,0.0641148559338349,Inf,0.181303767772203,0.509317612730788," 1 "
"1","bag","Native",0.545001592797233,0.106055994118432,Inf,0.338479352605745,0.877532806255077,"  2"
"4","control","Non-native",0.308917113762945,0.0787553094366622,Inf,0.165512145449727,0.576572691486344," 1 "
"3","bag","Non-native",0.520130171584375,0.125433611197492,Inf,0.288237588772516,0.938584715978543,"  2"
