"","treatment","exo","response","SE","df","asymp.LCL","asymp.UCL",".group"
"2","control","Native",0.303880166028824,0.0641158118802084,Inf,0.181305279311012,0.509324139134964," 1 "
"1","bag","Native",0.54500707075228,0.106057222744222,Inf,0.338482507522613,0.87754226752807,"  2"
"4","control","Non-native",0.308923700605102,0.0787571155437456,Inf,0.165515508190601,0.576585564934813," 1 "
"3","bag","Non-native",0.520139136711555,0.125436327856432,Inf,0.288241804575731,0.938603343596402,"  2"
