"","treatment","exo","response","SE","df","asymp.LCL","asymp.UCL",".group"
"2","control","Native",2.83067216380569,0.26718745933787,Inf,2.35258089660631,3.40592109308676," 1 "
"1","bag","Native",6.18598898695488,0.547668601028324,Inf,5.20054795685098,7.3581591909592,"  2"
"4","control","Non-native",6.00045761473653,0.641967458005307,Inf,4.8653867657692,7.40033492086774," 1 "
"3","bag","Non-native",8.41080715939549,0.882346047949803,Inf,6.84764651093133,10.3308015329952,"  2"
