"","treatment","exo","response","SE","df","asymp.LCL","asymp.UCL",".group"
"2","control","Native",2.83067567092881,0.267187034534525,Inf,2.35258504260223,3.40592353045198," 1 "
"1","bag","Native",6.18598140701134,0.547666678152158,Inf,5.20054364703942,7.35814725633047,"  2"
"4","control","Non-native",6.0004276615425,0.641962241604973,Inf,4.86536567583938,7.40029311675381," 1 "
"3","bag","Non-native",8.41079443093285,0.882342417566886,Inf,6.84763981034887,10.3307803737719,"  2"
